eystari	eystari+A+Comp+Fem+Sg+Dat+Indef	0
eystari	eystari+A+Comp+Fem+Sg+Acc+Indef	0
eystari	eystari+A+Comp+Fem+Sg+Nom+Indef	0
eystari	eystari+A+Comp+Fem+Sg+Gen+Indef	0
eystari	eystari+A+Comp+Fem+Pl+Dat+Indef	0
eystari	eystari+A+Comp+Fem+Pl+Acc+Indef	0
eystari	eystari+A+Comp+Fem+Pl+Nom+Indef	0
eystari	eystari+A+Comp+Fem+Pl+Gen+Indef	0
eystari	eystari+A+Comp+Neu+Sg+Dat+Indef	0
eystari	eystari+A+Comp+Neu+Sg+Acc+Indef	0
eystari	eystari+A+Comp+Neu+Sg+Nom+Indef	0
eystari	eystari+A+Comp+Neu+Sg+Gen+Indef	0
eystari	eystari+A+Comp+Neu+Pl+Dat+Indef	0
eystari	eystari+A+Comp+Neu+Pl+Acc+Indef	0
eystari	eystari+A+Comp+Neu+Pl+Nom+Indef	0
eystari	eystari+A+Comp+Neu+Pl+Gen+Indef	0
eystari	eystari+A+Comp+Msc+Sg+Dat+Indef	0
eystari	eystari+A+Comp+Msc+Sg+Acc+Indef	0
eystari	eystari+A+Comp+Msc+Sg+Nom+Indef	0
eystari	eystari+A+Comp+Msc+Sg+Nom+Def	0
eystari	eystari+A+Comp+Msc+Sg+Gen+Indef	0
eystari	eystari+A+Comp+Msc+Pl+Dat+Indef	0
eystari	eystari+A+Comp+Msc+Pl+Acc+Indef	0
eystari	eystari+A+Comp+Msc+Pl+Nom+Indef	0
eystari	eystari+A+Comp+Msc+Pl+Gen+Indef	0

høgri	høgri+A+Msc+Sg+Nom+Def	0

norðari	norðari+A+Comp+Fem+Sg+Dat+Indef	0
norðari	norðari+A+Comp+Fem+Sg+Acc+Indef	0
norðari	norðari+A+Comp+Fem+Sg+Nom+Indef	0
norðari	norðari+A+Comp+Fem+Sg+Gen+Indef	0
norðari	norðari+A+Comp+Fem+Pl+Dat+Indef	0
norðari	norðari+A+Comp+Fem+Pl+Acc+Indef	0
norðari	norðari+A+Comp+Fem+Pl+Nom+Indef	0
norðari	norðari+A+Comp+Fem+Pl+Gen+Indef	0
norðari	norðari+A+Comp+Neu+Sg+Dat+Indef	0
norðari	norðari+A+Comp+Neu+Sg+Acc+Indef	0
norðari	norðari+A+Comp+Neu+Sg+Nom+Indef	0
norðari	norðari+A+Comp+Neu+Sg+Gen+Indef	0
norðari	norðari+A+Comp+Neu+Pl+Dat+Indef	0
norðari	norðari+A+Comp+Neu+Pl+Acc+Indef	0
norðari	norðari+A+Comp+Neu+Pl+Nom+Indef	0
norðari	norðari+A+Comp+Neu+Pl+Gen+Indef	0
norðari	norðari+A+Comp+Msc+Sg+Dat+Indef	0
norðari	norðari+A+Comp+Msc+Sg+Acc+Indef	0
norðari	norðari+A+Comp+Msc+Sg+Nom+Indef	0
norðari	norðari+A+Comp+Msc+Sg+Nom+Def	0
norðari	norðari+A+Comp+Msc+Sg+Gen+Indef	0
norðari	norðari+A+Comp+Msc+Pl+Dat+Indef	0
norðari	norðari+A+Comp+Msc+Pl+Acc+Indef	0
norðari	norðari+A+Comp+Msc+Pl+Nom+Indef	0
norðari	norðari+A+Comp+Msc+Pl+Gen+Indef	0
norðari	norðari+Adv	0

nær	náa+V+Ind+Prs+1Sg	0
nær	náa+V+Ind+Prs+3Sg	0
nær	náa+V+Ind+Prs+2Sg	0
nær	nær+Pr	0
nær	nær+Adv	0

nærmur	nærmur	+?

næsthægstur	næsthægstur+A+Superl+Msc+Sg+Nom+Indef	0

næststørstur	næststørstur+A+Superl+Msc+Sg+Nom+Indef	0

sannur	sannur	+?

suðri	suður+N+Neu+Sg+Dat+Indef	0

vestari	vestari+A+Comp+Fem+Sg+Dat+Indef	0
vestari	vestari+A+Comp+Fem+Sg+Acc+Indef	0
vestari	vestari+A+Comp+Fem+Sg+Nom+Indef	0
vestari	vestari+A+Comp+Fem+Sg+Gen+Indef	0
vestari	vestari+A+Comp+Fem+Pl+Dat+Indef	0
vestari	vestari+A+Comp+Fem+Pl+Acc+Indef	0
vestari	vestari+A+Comp+Fem+Pl+Nom+Indef	0
vestari	vestari+A+Comp+Fem+Pl+Gen+Indef	0
vestari	vestari+A+Comp+Neu+Sg+Dat+Indef	0
vestari	vestari+A+Comp+Neu+Sg+Acc+Indef	0
vestari	vestari+A+Comp+Neu+Sg+Nom+Indef	0
vestari	vestari+A+Comp+Neu+Sg+Gen+Indef	0
vestari	vestari+A+Comp+Neu+Pl+Dat+Indef	0
vestari	vestari+A+Comp+Neu+Pl+Acc+Indef	0
vestari	vestari+A+Comp+Neu+Pl+Nom+Indef	0
vestari	vestari+A+Comp+Neu+Pl+Gen+Indef	0
vestari	vestari+A+Comp+Msc+Sg+Dat+Indef	0
vestari	vestari+A+Comp+Msc+Sg+Acc+Indef	0
vestari	vestari+A+Comp+Msc+Sg+Nom+Indef	0
vestari	vestari+A+Comp+Msc+Sg+Nom+Def	0
vestari	vestari+A+Comp+Msc+Sg+Gen+Indef	0
vestari	vestari+A+Comp+Msc+Pl+Dat+Indef	0
vestari	vestari+A+Comp+Msc+Pl+Acc+Indef	0
vestari	vestari+A+Comp+Msc+Pl+Nom+Indef	0
vestari	vestari+A+Comp+Msc+Pl+Gen+Indef	0

vinstri	vinstri+A+Msc+Sg+Nom+Def	0

út	út+Adv	0

úttari	úttari	+?

